{
    "LaLiga": {
        "averages": {
            "league_home": 1.5976443239317157,
            "league_away": 1.1537850675781558
        },
        "teams": {
            "Girona FC": {
                "id_api": 298,
                "att_h": 0.7476619050096787,
                "def_h": 1.1632293556927373,
                "att_a": 0.8797090507946316,
                "def_a": 0.8815940765250967
            },
            "Rayo Vallecano de Madrid": {
                "id_api": 87,
                "att_h": 0.8772806175786717,
                "def_h": 0.74822100242157,
                "att_a": 0.6663977414969856,
                "def_a": 0.97908897586738
            },
            "Villarreal CF": {
                "id_api": 94,
                "att_h": 1.5645783479486957,
                "def_h": 0.8421212963853995,
                "att_a": 1.1994781827196117,
                "def_a": 0.8817004738744917
            },
            "Real Oviedo": {
                "id_api": 1048,
                "att_h": 0.39399296587599414,
                "def_h": 0.7940667239414056,
                "att_a": 0.9625628308684303,
                "def_a": 1.4093403930370865
            },
            "RCD Mallorca": {
                "id_api": 89,
                "att_h": 1.0794509105381043,
                "def_h": 0.9722777230612735,
                "att_a": 0.7424620246282142,
                "def_a": 1.1100651437571678
            },
            "FC Barcelona": {
                "id_api": 81,
                "att_h": 1.8680413190552274,
                "def_h": 0.46449474833920945,
                "att_a": 1.8002329368962877,
                "def_a": 0.71415699483864
            },
            "Deportivo Alavés": {
                "id_api": 263,
                "att_h": 0.8904785577093409,
                "def_h": 1.3364179540510372,
                "att_a": 1.07881209135718,
                "def_a": 1.233990130399519
            },
            "Levante UD": {
                "id_api": 88,
                "att_h": 0.8183976823993767,
                "def_h": 1.0722896615982276,
                "att_a": 0.7503048700684857,
                "def_a": 1.1900149885805544
            },
            "Valencia CF": {
                "id_api": 95,
                "att_h": 0.8492829109883878,
                "def_h": 1.1997746331891366,
                "att_a": 0.755539635237353,
                "def_a": 0.9180254063936344
            },
            "Real Sociedad de Fútbol": {
                "id_api": 92,
                "att_h": 1.2366554526184053,
                "def_h": 1.2637205339987763,
                "att_a": 1.207022636845683,
                "def_a": 1.161452783705347
            },
            "RC Celta de Vigo": {
                "id_api": 558,
                "att_h": 1.0619226468795249,
                "def_h": 1.3711993869139782,
                "att_a": 1.1023885074648498,
                "def_a": 0.7396954791874552
            },
            "Getafe CF": {
                "id_api": 82,
                "att_h": 0.4875143145170285,
                "def_h": 0.8226369231003795,
                "att_a": 0.7096638690817921,
                "def_a": 0.6668805001966326
            },
            "Athletic Club": {
                "id_api": 77,
                "att_h": 0.792312343624725,
                "def_h": 1.0609485642365977,
                "att_a": 1.1071868669995133,
                "def_a": 1.211403260190663
            },
            "Sevilla FC": {
                "id_api": 559,
                "att_h": 0.7688290442447608,
                "def_h": 1.1847652510138242,
                "att_a": 0.8904290323244668,
                "def_a": 1.249320051025761
            },
            "RCD Espanyol de Barcelona": {
                "id_api": 80,
                "att_h": 0.5477054118720129,
                "def_h": 1.1967985243797645,
                "att_a": 0.9313291751375579,
                "def_a": 1.1284479762552435
            },
            "Club Atlético de Madrid": {
                "id_api": 78,
                "att_h": 1.3649446586116014,
                "def_h": 0.9055446071031816,
                "att_a": 1.0778400254588871,
                "def_a": 0.8357912326761264
            },
            "Elche CF": {
                "id_api": 285,
                "att_h": 1.0670522970631535,
                "def_h": 1.0093505506638742,
                "att_a": 0.8823394797351048,
                "def_a": 1.3286903641764949
            },
            "Real Betis Balompié": {
                "id_api": 90,
                "att_h": 1.0757004034343725,
                "def_h": 0.8067532874081548,
                "att_a": 1.1248121106184337,
                "def_a": 0.9167641423182492
            },
            "Real Madrid CF": {
                "id_api": 86,
                "att_h": 1.44256153414736,
                "def_h": 0.7940096759932156,
                "att_a": 1.4795922912503658,
                "def_a": 0.595589744941558
            },
            "CA Osasuna": {
                "id_api": 79,
                "att_h": 1.0507514178208457,
                "def_h": 1.0602822884981917,
                "att_a": 0.6494241354810989,
                "def_a": 0.8280032879381176
            }
        }
    },
    "last_update": "2026-05-04 09:06:58"
}