{
    "LaLiga": {
        "averages": {
            "league_home": 1.5997282874767613,
            "league_away": 1.1469278406996182
        },
        "teams": {
            "Girona FC": {
                "id_api": 298,
                "att_h": 0.7466879270121295,
                "def_h": 1.1701840457095867,
                "att_a": 0.8849686358655826,
                "def_a": 0.8804456252966041
            },
            "Rayo Vallecano de Madrid": {
                "id_api": 87,
                "att_h": 0.8761377854864213,
                "def_h": 0.7526944496488706,
                "att_a": 0.5389124049990767,
                "def_a": 1.097574938922906
            },
            "Villarreal CF": {
                "id_api": 94,
                "att_h": 1.5625401741750509,
                "def_h": 0.8471561526192843,
                "att_a": 1.127579066304614,
                "def_a": 0.8805518840423382
            },
            "Real Oviedo": {
                "id_api": 1048,
                "att_h": 0.39347971185384695,
                "def_h": 0.7988142725574041,
                "att_a": 1.0798516394554507,
                "def_a": 1.3536201710325417
            },
            "RCD Mallorca": {
                "id_api": 89,
                "att_h": 1.0780447115205354,
                "def_h": 0.9780907556683746,
                "att_a": 0.7469010402060978,
                "def_a": 1.1086190636257318
            },
            "FC Barcelona": {
                "id_api": 81,
                "att_h": 1.8656078245424246,
                "def_h": 0.4672718592961708,
                "att_a": 1.8109961298753545,
                "def_a": 0.7132266636353138
            },
            "Deportivo Alavés": {
                "id_api": 263,
                "att_h": 0.8893185326810672,
                "def_h": 1.3444081002400854,
                "att_a": 1.0852620692958383,
                "def_a": 1.232382613381267
            },
            "Levante UD": {
                "id_api": 88,
                "att_h": 0.8173315570149464,
                "def_h": 1.0787006433776953,
                "att_a": 0.7547907762777141,
                "def_a": 1.188464757910963
            },
            "Valencia CF": {
                "id_api": 95,
                "att_h": 0.8481765514648456,
                "def_h": 1.2069478193050773,
                "att_a": 0.7600568389451204,
                "def_a": 0.9168294961285434
            },
            "Real Sociedad de Fútbol": {
                "id_api": 92,
                "att_h": 1.2350444634890552,
                "def_h": 1.2712760384561534,
                "att_a": 1.214239157166031,
                "def_a": 1.159939760975499
            },
            "RC Celta de Vigo": {
                "id_api": 558,
                "att_h": 0.9616126994627697,
                "def_h": 1.4410160708133024,
                "att_a": 1.1089794435601563,
                "def_a": 0.7387318790403996
            },
            "Getafe CF": {
                "id_api": 82,
                "att_h": 0.5414427853525947,
                "def_h": 0.724874871780798,
                "att_a": 0.7139067917706565,
                "def_a": 0.666011756009141
            },
            "Athletic Club": {
                "id_api": 77,
                "att_h": 0.7912801995704319,
                "def_h": 0.9822173594166755,
                "att_a": 1.113806491420978,
                "def_a": 1.2098251670530036
            },
            "Sevilla FC": {
                "id_api": 559,
                "att_h": 0.7678274918479437,
                "def_h": 1.1918486993666457,
                "att_a": 0.8957527097845597,
                "def_a": 1.2476925637438183
            },
            "RCD Espanyol de Barcelona": {
                "id_api": 80,
                "att_h": 0.6129841938813464,
                "def_h": 1.1388250979830064,
                "att_a": 0.9368973854694508,
                "def_a": 1.1269779488365839
            },
            "Club Atlético de Madrid": {
                "id_api": 78,
                "att_h": 1.363166547333693,
                "def_h": 0.910958657228388,
                "att_a": 1.0842841916313921,
                "def_a": 0.8347024487408791
            },
            "Elche CF": {
                "id_api": 285,
                "att_h": 1.0656622497000203,
                "def_h": 1.0153852334750066,
                "att_a": 0.8893762057505042,
                "def_a": 1.2655176680109488
            },
            "Real Betis Balompié": {
                "id_api": 90,
                "att_h": 0.9826052432185302,
                "def_h": 0.9044790436028867,
                "att_a": 1.1315371124577231,
                "def_a": 0.915569875099902
            },
            "Real Madrid CF": {
                "id_api": 86,
                "att_h": 1.440682311486748,
                "def_h": 0.7987568835321994,
                "att_a": 1.458358591493963,
                "def_a": 0.6648819523131081
            },
            "CA Osasuna": {
                "id_api": 79,
                "att_h": 1.0493826055876774,
                "def_h": 1.0666214808601906,
                "att_a": 0.6533068981792959,
                "def_a": 0.8269246493463338
            }
        }
    },
    "last_update": "2026-05-03 07:30:47"
}