{
    "LaLiga": {
        "averages": {
            "league_home": 1.6071157403127865,
            "league_away": 1.1507334514457008
        },
        "teams": {
            "Girona FC": {
                "id_api": 298,
                "att_h": 0.7428410011829203,
                "def_h": 1.1649723284806461,
                "att_a": 0.881253799643165,
                "def_a": 0.876559593542655
            },
            "Rayo Vallecano de Madrid": {
                "id_api": 87,
                "att_h": 0.8723442318173512,
                "def_h": 0.7494921446081692,
                "att_a": 0.5368859199810373,
                "def_a": 1.092372248847182
            },
            "Villarreal CF": {
                "id_api": 94,
                "att_h": 1.5548201167466862,
                "def_h": 0.8441406339458913,
                "att_a": 1.2031067582318575,
                "def_a": 0.8768428857256461
            },
            "Real Oviedo": {
                "id_api": 1048,
                "att_h": 0.3919724566104573,
                "def_h": 0.795722612131406,
                "att_a": 1.0766803670809144,
                "def_a": 1.3476629740192074
            },
            "RCD Mallorca": {
                "id_api": 89,
                "att_h": 1.0727797271963955,
                "def_h": 0.9746214561225338,
                "att_a": 0.7443958241334897,
                "def_a": 1.1038180596831961
            },
            "FC Barcelona": {
                "id_api": 81,
                "att_h": 1.8576303472802398,
                "def_h": 0.4658561223769605,
                "att_a": 1.8052818589814619,
                "def_a": 0.7099366156579906
            },
            "Deportivo Alavés": {
                "id_api": 263,
                "att_h": 0.8847465891671499,
                "def_h": 1.3404424594070439,
                "att_a": 1.0813803039305594,
                "def_a": 1.2265618418437925
            },
            "Levante UD": {
                "id_api": 88,
                "att_h": 0.8130686547186299,
                "def_h": 1.0747075284556307,
                "att_a": 0.7522111568442726,
                "def_a": 1.1828208880533684
            },
            "Valencia CF": {
                "id_api": 95,
                "att_h": 0.8442165439138222,
                "def_h": 1.2032573791294978,
                "att_a": 0.757220543667286,
                "def_a": 0.9126182236902914
            },
            "Real Sociedad de Fútbol": {
                "id_api": 92,
                "att_h": 1.2290172958641727,
                "def_h": 1.2676513326262384,
                "att_a": 1.2098224654753766,
                "def_a": 1.1539317447299247
            },
            "RC Celta de Vigo": {
                "id_api": 558,
                "att_h": 1.055586250036476,
                "def_h": 1.3744431248411888,
                "att_a": 1.1055601232771561,
                "def_a": 0.735839717361017
            },
            "Getafe CF": {
                "id_api": 82,
                "att_h": 0.5384145489587061,
                "def_h": 0.7227181592033398,
                "att_a": 0.7115360246345337,
                "def_a": 0.6625495698592739
            },
            "Athletic Club": {
                "id_api": 77,
                "att_h": 0.7879383622224689,
                "def_h": 1.064069488715174,
                "att_a": 1.1108202381941998,
                "def_a": 1.2044743796125312
            },
            "Sevilla FC": {
                "id_api": 559,
                "att_h": 0.7649987744084303,
                "def_h": 1.1872469490399913,
                "att_a": 0.8927842365994203,
                "def_a": 1.2417599306692044
            },
            "RCD Espanyol de Barcelona": {
                "id_api": 80,
                "att_h": 0.6104512308222919,
                "def_h": 1.134502247296687,
                "att_a": 0.9333435160321963,
                "def_a": 1.1212695706599838
            },
            "Club Atlético de Madrid": {
                "id_api": 78,
                "att_h": 1.3564109097649095,
                "def_h": 0.9077102312611107,
                "att_a": 1.0807770302350928,
                "def_a": 0.8307143971838088
            },
            "Elche CF": {
                "id_api": 285,
                "att_h": 1.0615072615997652,
                "def_h": 1.0116793456976236,
                "att_a": 0.8846546819142106,
                "def_a": 1.3200698332530585
            },
            "Real Betis Balompié": {
                "id_api": 90,
                "att_h": 0.9776234458393067,
                "def_h": 0.9022252034081234,
                "att_a": 1.127341638393607,
                "def_a": 0.9115695173144623
            },
            "Real Madrid CF": {
                "id_api": 86,
                "att_h": 1.433935766241985,
                "def_h": 0.795730919591886,
                "att_a": 1.4526094858946232,
                "def_a": 0.6623265172951708
            },
            "CA Osasuna": {
                "id_api": 79,
                "att_h": 1.0447003851845311,
                "def_h": 1.0634383295516108,
                "att_a": 0.6510507999777175,
                "def_a": 0.8232331577078784
            }
        }
    },
    "last_update": "2026-05-03 14:39:07"
}