{
    "LaLiga": {
        "averages": {
            "league_home": 1.5996773658247507,
            "league_away": 1.123662237937935
        },
        "teams": {
            "Girona FC": {
                "id_api": 298,
                "att_h": 0.833087867946119,
                "def_h": 1.2296320858203749,
                "att_a": 0.9032920501830213,
                "def_a": 0.880473652039186
            },
            "Rayo Vallecano de Madrid": {
                "id_api": 87,
                "att_h": 0.8761656750999016,
                "def_h": 0.7682791062077587,
                "att_a": 0.5500706708148443,
                "def_a": 1.0976098774238119
            },
            "Villarreal CF": {
                "id_api": 94,
                "att_h": 1.3798408378430522,
                "def_h": 0.8617443920394794,
                "att_a": 1.150925767611561,
                "def_a": 0.8805799141673964
            },
            "Real Oviedo": {
                "id_api": 1048,
                "att_h": 0.3934922372776531,
                "def_h": 0.8153538472785308,
                "att_a": 1.1022101369085886,
                "def_a": 1.353663260080856
            },
            "RCD Mallorca": {
                "id_api": 89,
                "att_h": 1.0780790283264263,
                "def_h": 0.9983422780724867,
                "att_a": 0.7476217113034267,
                "def_a": 1.2367767534425114
            },
            "FC Barcelona": {
                "id_api": 81,
                "att_h": 1.865667211412839,
                "def_h": 0.4769467963840702,
                "att_a": 1.8566340706647038,
                "def_a": 0.7237074266217032
            },
            "Deportivo Alavés": {
                "id_api": 263,
                "att_h": 0.8475251033863473,
                "def_h": 1.118751428386344,
                "att_a": 1.1077325905468636,
                "def_a": 1.232421843140919
            },
            "Levante UD": {
                "id_api": 88,
                "att_h": 0.8173575746820164,
                "def_h": 1.1010353092766338,
                "att_a": 0.7563179607968724,
                "def_a": 0.9599776524844087
            },
            "Valencia CF": {
                "id_api": 95,
                "att_h": 0.9459711179078069,
                "def_h": 1.168778063219484,
                "att_a": 0.7757939349283837,
                "def_a": 0.9168586810589251
            },
            "Real Sociedad de Fútbol": {
                "id_api": 92,
                "att_h": 1.235083777981922,
                "def_h": 1.2975980080948637,
                "att_a": 1.2393801692375481,
                "def_a": 1.1599766847015722
            },
            "RC Celta de Vigo": {
                "id_api": 558,
                "att_h": 0.9616433099522954,
                "def_h": 1.4708525344273762,
                "att_a": 1.1319410367628353,
                "def_a": 0.7387553946870401
            },
            "Getafe CF": {
                "id_api": 82,
                "att_h": 0.5414600208037479,
                "def_h": 0.7398835196194286,
                "att_a": 0.728688343793517,
                "def_a": 0.6660329567959987
            },
            "Athletic Club": {
                "id_api": 77,
                "att_h": 0.7913053879589323,
                "def_h": 1.0025543237982084,
                "att_a": 0.8658394738396391,
                "def_a": 1.2053458179184127
            },
            "Sevilla FC": {
                "id_api": 559,
                "att_h": 0.7678519336792653,
                "def_h": 1.2165261134998997,
                "att_a": 0.9142994100428092,
                "def_a": 1.2477322808567217
            },
            "RCD Espanyol de Barcelona": {
                "id_api": 80,
                "att_h": 0.61300370667091,
                "def_h": 1.1624046501385814,
                "att_a": 0.9562959926868588,
                "def_a": 1.127013823307374
            },
            "Club Atlético de Madrid": {
                "id_api": 78,
                "att_h": 1.3632099402665676,
                "def_h": 0.9298201990118745,
                "att_a": 1.0306210844234105,
                "def_a": 0.9291108377506992
            },
            "Elche CF": {
                "id_api": 285,
                "att_h": 1.0656961723417975,
                "def_h": 1.0364089438877195,
                "att_a": 0.9077908794932619,
                "def_a": 1.2655579525406173
            },
            "Real Betis Balompié": {
                "id_api": 90,
                "att_h": 0.982636521952185,
                "def_h": 0.9232064239706286,
                "att_a": 1.154965765730663,
                "def_a": 0.9155990199334584
            },
            "Real Madrid CF": {
                "id_api": 86,
                "att_h": 1.4407281719364178,
                "def_h": 0.8152952700045644,
                "att_a": 1.488554134717033,
                "def_a": 0.664903117135545
            },
            "CA Osasuna": {
                "id_api": 79,
                "att_h": 1.096313952096531,
                "def_h": 1.0123070979418072,
                "att_a": 0.6668337199067929,
                "def_a": 0.8269509723850493
            }
        }
    },
    "last_update": "2026-04-30 07:54:48"
}