{
    "LaLiga": {
        "averages": {
            "league_home": 1.574468085106383,
            "league_away": 1.127659574468085
        },
        "teams": {
            "Girona FC": {
                "att_h": 0.7542229729729729,
                "def_h": 1.330188679245283,
                "att_a": 0.8867924528301887,
                "def_a": 0.971383147853736
            },
            "Rayo Vallecano de Madrid": {
                "att_h": 0.7845786963434023,
                "def_h": 0.730299667036626,
                "att_a": 0.6650943396226415,
                "def_a": 1.0717905405405406
            },
            "Villarreal CF": {
                "att_h": 1.429054054054054,
                "def_h": 0.7759433962264152,
                "att_a": 1.2519422863485017,
                "def_a": 0.8966613672496025
            },
            "Real Oviedo": {
                "att_h": 0.33624801271860094,
                "def_h": 0.8867924528301887,
                "att_a": 0.9422169811320755,
                "def_a": 1.349662162162162
            },
            "RCD Mallorca": {
                "att_h": 1.0087440381558028,
                "def_h": 1.0432852386237514,
                "att_a": 0.7759433962264152,
                "def_a": 1.2305743243243243
            },
            "FC Barcelona": {
                "att_h": 1.942766295707472,
                "def_h": 0.46947835738068816,
                "att_a": 1.9398584905660379,
                "def_a": 0.8336148648648648
            },
            "Deportivo Alav\u00e9s": {
                "att_h": 0.8336148648648648,
                "def_h": 1.0530660377358492,
                "att_a": 0.8867924528301887,
                "def_a": 1.1208267090620032
            },
            "Levante UD": {
                "att_h": 0.7845786963434023,
                "def_h": 1.3562708102108767,
                "att_a": 0.9459119496855346,
                "def_a": 1.0162162162162163
            },
            "Valencia CF": {
                "att_h": 0.9130067567567567,
                "def_h": 1.0530660377358492,
                "att_a": 0.730299667036626,
                "def_a": 1.0834658187599364
            },
            "Real Sociedad de F\u00fatbol": {
                "att_h": 1.1955484896661366,
                "def_h": 1.3041065482796894,
                "att_a": 1.108490566037736,
                "def_a": 1.0717905405405406
            },
            "RC Celta de Vigo": {
                "att_h": 0.9130067567567567,
                "def_h": 1.330188679245283,
                "att_a": 1.1476137624861267,
                "def_a": 0.7098569157392687
            },
            "Getafe CF": {
                "att_h": 0.5557432432432432,
                "def_h": 0.7205188679245284,
                "att_a": 0.730299667036626,
                "def_a": 0.7845786963434023
            },
            "Athletic Club": {
                "att_h": 0.7845786963434023,
                "def_h": 1.0432852386237514,
                "att_a": 0.8313679245283019,
                "def_a": 1.1511824324324325
            },
            "Sevilla FC": {
                "att_h": 0.8336148648648648,
                "def_h": 1.2747641509433962,
                "att_a": 0.9911209766925638,
                "def_a": 1.1955484896661366
            },
            "RCD Espanyol de Barcelona": {
                "att_h": 0.7621621621621621,
                "def_h": 1.241509433962264,
                "att_a": 0.9911209766925638,
                "def_a": 1.0461049284578696
            },
            "Club Atl\u00e9tico de Madrid": {
                "att_h": 1.4197138314785374,
                "def_h": 0.8346281908990011,
                "att_a": 0.9976415094339623,
                "def_a": 0.8336148648648648
            },
            "Elche CF": {
                "att_h": 1.0461049284578696,
                "def_h": 0.9389567147613763,
                "att_a": 0.8867924528301887,
                "def_a": 1.2702702702702702
            },
            "Real Betis Balompi\u00e9": {
                "att_h": 1.0717905405405406,
                "def_h": 0.9422169811320755,
                "att_a": 1.1476137624861267,
                "def_a": 0.8966613672496025
            },
            "Real Madrid CF": {
                "att_h": 1.457074721780604,
                "def_h": 0.730299667036626,
                "att_a": 1.607311320754717,
                "def_a": 0.674831081081081
            },
            "CA Osasuna": {
                "att_h": 1.1114864864864864,
                "def_h": 0.9976415094339623,
                "att_a": 0.5738068812430633,
                "def_a": 0.8219395866454691
            }
        }
    }
}