{
    "LaLiga": {
        "averages": {
            "league_home": 1.5910437132549846,
            "league_away": 1.1229948178561326
        },
        "teams": {
            "Girona FC": {
                "id_api": 298,
                "att_h": 0.7507636583503812,
                "def_h": 1.195122755178002,
                "att_a": 0.9038288961634645,
                "def_a": 0.8852514614388962
            },
            "Rayo Vallecano de Madrid": {
                "id_api": 87,
                "att_h": 0.8809201076584461,
                "def_h": 0.7687357110787332,
                "att_a": 0.5503975896984178,
                "def_a": 1.1035659566062208
            },
            "Villarreal CF": {
                "id_api": 94,
                "att_h": 1.387328417408757,
                "def_h": 0.8622565453490787,
                "att_a": 1.1516097876602325,
                "def_a": 0.8853583001887846
            },
            "Real Oviedo": {
                "id_api": 1048,
                "att_h": 0.3956274867602742,
                "def_h": 0.8158384296851422,
                "att_a": 1.1028652042054647,
                "def_a": 1.3610087894252925
            },
            "RCD Mallorca": {
                "id_api": 89,
                "att_h": 1.0839291251501522,
                "def_h": 0.9989356144568611,
                "att_a": 0.7628188337460549,
                "def_a": 1.1146703647066039
            },
            "FC Barcelona": {
                "id_api": 81,
                "att_h": 1.875791083170699,
                "def_h": 0.4772302561692772,
                "att_a": 1.857737508404235,
                "def_a": 0.7276345584984435
            },
            "Deportivo Alavés": {
                "id_api": 263,
                "att_h": 0.852124120513176,
                "def_h": 1.119416326530109,
                "att_a": 1.1083909399572462,
                "def_a": 1.2391094670725717
            },
            "Levante UD": {
                "id_api": 88,
                "att_h": 0.8217928904852726,
                "def_h": 1.101689678348067,
                "att_a": 0.7567674569007167,
                "def_a": 0.9651868830399503
            },
            "Valencia CF": {
                "id_api": 95,
                "att_h": 0.9511043432899938,
                "def_h": 1.1694726932731223,
                "att_a": 0.7762550060244197,
                "def_a": 0.921833930476581
            },
            "Real Sociedad de Fútbol": {
                "id_api": 92,
                "att_h": 1.2417858466584857,
                "def_h": 1.2983691986248098,
                "att_a": 1.2401167596481042,
                "def_a": 1.1662711916351711
            },
            "RC Celta de Vigo": {
                "id_api": 558,
                "att_h": 0.9668615790450928,
                "def_h": 1.4717266938653695,
                "att_a": 1.132613773775811,
                "def_a": 0.7427641829803044
            },
            "Getafe CF": {
                "id_api": 82,
                "att_h": 0.5443982038725675,
                "def_h": 0.7403232483798259,
                "att_a": 0.7291214190190569,
                "def_a": 0.6696471234597333
            },
            "Athletic Club": {
                "id_api": 77,
                "att_h": 0.7955993339638756,
                "def_h": 1.0031501634923563,
                "att_a": 0.8663540609448237,
                "def_a": 1.211886516286177
            },
            "Sevilla FC": {
                "id_api": 559,
                "att_h": 0.7720186116688017,
                "def_h": 1.2172491212513843,
                "att_a": 0.9148427979350238,
                "def_a": 1.254502985472348
            },
            "RCD Espanyol de Barcelona": {
                "id_api": 80,
                "att_h": 0.6163301149796723,
                "def_h": 1.1630954923351324,
                "att_a": 0.9568643400554467,
                "def_a": 1.1331294603013153
            },
            "Club Atlético de Madrid": {
                "id_api": 78,
                "att_h": 1.3706072737941517,
                "def_h": 0.9303728112442896,
                "att_a": 1.031233604799761,
                "def_a": 0.9341525723712603
            },
            "Elche CF": {
                "id_api": 285,
                "att_h": 1.0714790747349099,
                "def_h": 1.037024904113993,
                "att_a": 0.9083303992251583,
                "def_a": 1.2724253865263164
            },
            "Real Betis Balompié": {
                "id_api": 90,
                "att_h": 0.9879687087816357,
                "def_h": 0.9237551054936507,
                "att_a": 1.155652186837498,
                "def_a": 0.9205674339157189
            },
            "Real Madrid CF": {
                "id_api": 86,
                "att_h": 1.4485461510279705,
                "def_h": 0.815779817597436,
                "att_a": 1.4894388145985096,
                "def_a": 0.6685111528281397
            },
            "CA Osasuna": {
                "id_api": 79,
                "att_h": 1.1022629990591846,
                "def_h": 1.0129087339203304,
                "att_a": 0.6672300335930292,
                "def_a": 0.8314383458797703
            }
        }
    },
    "last_update": "2026-05-02 06:31:42"
}