{
    "LaLiga": {
        "averages": {
            "league_home": 1.6094312061420006,
            "league_away": 1.1220813210302472
        },
        "teams": {
            "Girona FC": {
                "id_api": 298,
                "att_h": 0.7417722863796943,
                "def_h": 1.1947196725103775,
                "att_a": 0.9037564456842795,
                "def_a": 0.875298499698835
            },
            "Rayo Vallecano de Madrid": {
                "id_api": 87,
                "att_h": 0.871089202554605,
                "def_h": 0.7686302821657521,
                "att_a": 0.5505951985415194,
                "def_a": 1.0908006683997948
            },
            "Villarreal CF": {
                "id_api": 94,
                "att_h": 1.5525832191165403,
                "def_h": 0.8656956024490605,
                "att_a": 1.1528814240846366,
                "def_a": 0.8755813843133836
            },
            "Real Oviedo": {
                "id_api": 1048,
                "att_h": 0.39140853140146975,
                "def_h": 0.8160412357730342,
                "att_a": 1.1041731928816652,
                "def_a": 1.345724110429555
            },
            "RCD Mallorca": {
                "id_api": 89,
                "att_h": 1.0712363342317772,
                "def_h": 0.9995082272888898,
                "att_a": 0.7634038281293222,
                "def_a": 1.1022300123102413
            },
            "FC Barcelona": {
                "id_api": 81,
                "att_h": 1.85495780087004,
                "def_h": 0.47775166873622693,
                "att_a": 1.8595875387635261,
                "def_a": 0.719336794618003
            },
            "Deportivo Alavés": {
                "id_api": 263,
                "att_h": 0.8417478804627694,
                "def_h": 1.120258321422277,
                "att_a": 1.1089931417135406,
                "def_a": 1.2247972047338815
            },
            "Levante UD": {
                "id_api": 88,
                "att_h": 0.8118989043871953,
                "def_h": 1.1021499782020607,
                "att_a": 0.7714187238556128,
                "def_a": 1.1811191804327408
            },
            "Valencia CF": {
                "id_api": 95,
                "att_h": 0.9403676646128205,
                "def_h": 1.1706405314489996,
                "att_a": 0.776556024406325,
                "def_a": 0.9113052528071569
            },
            "Real Sociedad de Fútbol": {
                "id_api": 92,
                "att_h": 1.2272491261274192,
                "def_h": 1.3000205652504677,
                "att_a": 1.2407150491149646,
                "def_a": 1.1522715995096933
            },
            "RC Celta de Vigo": {
                "id_api": 558,
                "att_h": 0.956091472933055,
                "def_h": 1.4722407736334266,
                "att_a": 1.1337903880900289,
                "def_a": 0.734781075205437
            },
            "Getafe CF": {
                "id_api": 82,
                "att_h": 0.5376399395903106,
                "def_h": 0.7411726282003801,
                "att_a": 0.7297049599790804,
                "def_a": 0.6615963691984968
            },
            "Athletic Club": {
                "id_api": 77,
                "att_h": 0.7868047664861053,
                "def_h": 1.0041364440400822,
                "att_a": 0.8676649012145365,
                "def_a": 1.1982714244521036
            },
            "Sevilla FC": {
                "id_api": 559,
                "att_h": 0.7638981815314103,
                "def_h": 1.2175630712155303,
                "att_a": 0.915581310127408,
                "def_a": 1.2399734282846486
            },
            "RCD Espanyol de Barcelona": {
                "id_api": 80,
                "att_h": 0.609572983302313,
                "def_h": 1.1634715436720378,
                "att_a": 0.957176262948631,
                "def_a": 1.119656416045923
            },
            "Club Atlético de Madrid": {
                "id_api": 78,
                "att_h": 1.354459460644284,
                "def_h": 0.9308884371879823,
                "att_a": 1.0320021178359455,
                "def_a": 0.9235099764365883
            },
            "Elche CF": {
                "id_api": 285,
                "att_h": 1.0599800861713795,
                "def_h": 1.0375123829367916,
                "att_a": 0.9090369269815262,
                "def_a": 1.2571750635177994
            },
            "Real Betis Balompié": {
                "id_api": 90,
                "att_h": 0.9762169528658631,
                "def_h": 0.9252633502052056,
                "att_a": 1.1561280899997775,
                "def_a": 0.9102580551903033
            },
            "Real Madrid CF": {
                "id_api": 86,
                "att_h": 1.4318727832108675,
                "def_h": 0.8160497553629172,
                "att_a": 1.4897015893389298,
                "def_a": 0.6613736375369513
            },
            "CA Osasuna": {
                "id_api": 79,
                "att_h": 1.0898625268416895,
                "def_h": 1.014066754184238,
                "att_a": 0.6676752567603325,
                "def_a": 0.8220487838502855
            }
        }
    },
    "last_update": "2026-05-02 14:39:31"
}